ticker,year,sector,revenue_growth_pct,gross_margin_pct,operating_margin_pct,ebitda_margin_pct,net_margin_pct,net_debt_to_ebitda,debt_to_equity,ev_to_ebitda,label_margin_expanded
AAPL,2024-09-30,Technology,2.0,46.2,31.5,34.4,24.0,0.57,1.87,36.7,1
AAPL,2023-09-30,Technology,-2.8,44.1,29.8,32.8,25.3,0.64,1.79,39.4,1
AAPL,2022-09-30,Technology,,43.3,30.3,33.1,25.3,0.83,2.61,38.1,0
MSFT,2025-06-30,Technology,14.9,68.8,45.6,55.2,36.1,0.2,0.18,24.9,1
MSFT,2024-06-30,Technology,15.7,69.8,44.6,53.7,36.0,0.37,0.25,29.6,1
MSFT,2023-06-30,Technology,,68.9,41.8,49.6,34.1,0.24,0.29,36.8,1
GOOGL,2024-12-31,Communication Services,13.9,58.2,32.1,38.7,28.6,-0.01,0.07,31.0,1
GOOGL,2023-12-31,Communication Services,8.7,56.6,27.4,31.9,24.0,0.03,0.1,42.9,1
GOOGL,2022-12-31,Communication Services,,55.4,26.5,30.1,21.2,0.09,0.12,49.4,1
META,2024-12-31,Communication Services,21.9,81.7,42.2,52.8,37.9,0.06,0.27,21.4,0
META,2023-12-31,Communication Services,15.7,80.8,34.7,43.8,29.0,-0.08,0.24,31.3,1
META,2022-12-31,Communication Services,,78.3,24.8,32.3,19.9,0.32,0.21,49.5,1
ORCL,2025-05-31,Technology,8.4,70.5,31.5,41.7,21.7,3.9,5.09,21.9,1
ORCL,2024-05-31,Technology,6.0,71.4,30.3,40.4,19.8,3.86,10.7,24.0,1
ORCL,2023-05-31,Technology,,72.8,27.6,37.5,17.0,4.31,84.33,27.3,1
CSCO,2025-07-31,Technology,5.3,64.9,22.1,27.4,18.0,1.27,0.6,29.8,1
CSCO,2024-07-31,Technology,-5.6,64.7,24.1,29.3,19.2,1.49,0.68,29.6,0
CSCO,2023-07-31,Technology,,62.7,27.3,30.7,22.1,-0.1,0.19,25.2,0
ADBE,2024-11-30,Technology,10.8,89.0,36.0,37.0,25.9,-0.2,0.43,11.4,1
ADBE,2023-11-30,Technology,10.2,87.9,34.3,40.1,28.0,-0.39,0.25,11.5,0
ADBE,2022-11-30,Technology,,87.7,34.6,39.6,27.0,0.06,0.33,13.3,1
CRM,2025-01-31,Technology,8.7,77.2,20.2,29.4,16.4,0.23,0.19,17.6,1
CRM,2024-01-31,Technology,11.2,75.5,17.2,28.6,11.9,0.41,0.21,19.8,1
CRM,2023-01-31,Technology,,73.3,5.9,18.0,0.7,1.25,0.24,35.5,1
IBM,2024-12-31,Technology,1.4,56.7,16.1,19.4,9.6,3.65,2.14,20.9,1
IBM,2023-12-31,Technology,2.2,55.4,15.2,23.8,12.1,3.19,2.66,17.5,0
IBM,2022-12-31,Technology,,54.0,13.5,11.9,2.7,6.43,2.46,35.7,1
INTC,2024-12-31,Technology,-2.1,32.7,-8.9,2.3,-35.3,34.71,0.5,559.1,1
INTC,2023-12-31,Technology,-14.0,40.0,0.1,20.7,3.1,3.75,0.47,59.9,0
INTC,2022-12-31,Technology,,42.6,3.7,33.8,12.7,1.45,0.41,31.1,0
TXN,2024-12-31,Technology,-10.7,58.1,34.1,48.2,30.7,1.38,0.8,37.0,0
TXN,2023-12-31,Technology,-12.5,62.9,41.8,51.4,37.2,0.92,0.66,30.7,0
TXN,2022-12-31,Technology,,68.8,51.9,56.0,43.7,0.51,0.6,24.4,0
QCOM,2024-09-30,Technology,8.8,56.2,26.3,32.7,26.0,0.53,0.56,16.0,1
QCOM,2023-09-30,Technology,-19.0,55.7,24.1,27.8,20.2,0.7,0.71,20.6,1
QCOM,2022-09-30,Technology,,57.8,35.9,39.0,29.3,0.74,0.86,12.2,0
DE,2024-10-31,Industrials,-16.1,38.6,22.6,29.0,14.1,3.96,2.87,16.6,0
DE,2023-10-31,Industrials,17.5,37.0,24.2,29.0,16.9,3.22,2.92,13.8,0
DE,2022-10-31,Industrials,,30.7,17.6,23.6,13.9,3.92,2.58,19.3,1
CAT,2024-12-31,Industrials,-3.4,36.0,20.2,24.7,16.7,1.97,1.97,26.2,0
CAT,2023-12-31,Industrials,12.8,34.7,19.3,23.4,15.4,1.97,1.94,26.7,1
CAT,2022-12-31,Industrials,,29.5,14.9,19.2,11.3,2.63,2.33,36.7,1
HON,2024-12-31,Industrials,5.2,38.5,19.2,24.3,16.4,2.63,1.72,10.7,0
HON,2023-12-31,Industrials,-6.9,37.5,18.5,24.1,17.1,1.71,1.36,10.3,1
HON,2022-12-31,Industrials,,37.0,18.1,22.5,14.0,1.36,1.23,9.8,1
GE,2024-12-31,Industrials,9.5,30.9,17.5,25.3,16.9,0.58,1.0,33.4,1
GE,2023-12-31,Industrials,21.3,26.9,13.3,35.8,26.8,0.42,0.75,25.8,0
GE,2022-12-31,Industrials,,25.9,12.3,13.9,1.2,2.56,0.78,82.0,1
MMM,2024-12-31,Industrials,-0.1,41.2,19.6,30.0,17.0,1.01,3.4,12.3,0
MMM,2023-12-31,Industrials,-5.9,39.1,-43.6,-33.9,-28.4,-1.32,3.48,-11.3,1
MMM,2022-12-31,Industrials,,39.4,7.3,24.8,22.1,2.03,1.14,14.9,0
UPS,2024-12-31,Industrials,0.1,18.0,9.3,13.1,6.3,1.64,1.53,8.3,1
UPS,2023-12-31,Industrials,-9.3,19.0,10.0,14.0,7.4,1.85,1.54,8.1,0
UPS,2022-12-31,Industrials,,20.9,13.0,18.7,11.5,0.96,1.19,5.2,0
LMT,2024-12-31,Industrials,5.1,9.8,9.9,12.4,7.5,2.02,3.2,15.3,0
LMT,2023-12-31,Industrials,2.4,12.5,12.6,15.5,10.2,1.53,2.55,12.7,0
LMT,2022-12-31,Industrials,,12.6,12.7,13.2,8.7,1.49,1.68,14.9,1
RTX,2024-12-31,Industrials,17.1,19.1,8.1,15.5,5.9,2.98,0.71,22.8,1
RTX,2023-12-31,Industrials,2.8,17.5,5.2,14.1,4.6,3.98,0.76,29.6,1
RTX,2022-12-31,Industrials,,20.4,8.2,17.2,7.7,2.37,0.46,24.0,0
BA,2024-12-31,Industrials,-14.5,-3.0,-16.3,-11.5,-17.8,-5.28,-13.87,-25.3,1
BA,2023-12-31,Industrials,16.8,9.9,-1.1,3.0,-2.9,17.24,-3.05,83.3,0
BA,2022-12-31,Industrials,,5.3,-5.3,-0.7,-7.4,-88.51,-3.61,-405.9,1
UNP,2024-12-31,Industrials,0.5,45.5,40.1,51.4,27.8,2.52,1.92,15.8,1
UNP,2023-12-31,Industrials,-3.0,43.7,37.7,49.3,26.4,2.79,2.31,16.7,1
UNP,2022-12-31,Industrials,,45.0,39.9,50.6,28.1,2.7,2.87,15.8,0
AMZN,2024-12-31,Consumer Cyclical,11.0,48.9,10.8,19.4,9.3,0.42,0.46,22.3,1
AMZN,2023-12-31,Consumer Cyclical,11.8,47.0,6.4,15.6,5.3,0.7,0.67,31.0,1
AMZN,2022-12-31,Consumer Cyclical,,43.8,2.4,7.5,-0.5,2.25,0.96,73.0,1
HD,2025-01-31,Consumer Cyclical,4.5,33.4,13.5,16.0,9.3,2.38,9.38,13.5,0
HD,2024-01-31,Consumer Cyclical,-3.0,33.4,14.2,16.4,9.9,1.93,50.04,13.2,0
HD,2023-01-31,Consumer Cyclical,,33.5,15.3,17.2,10.9,1.76,32.24,12.2,0
MCD,2024-12-31,Consumer Cyclical,1.7,56.8,45.7,53.8,31.7,3.65,-13.68,15.4,1
MCD,2023-12-31,Consumer Cyclical,10.0,57.1,46.1,54.4,33.2,3.5,-11.28,15.3,0
MCD,2022-12-31,Consumer Cyclical,,57.0,44.6,47.0,26.6,4.23,-8.11,19.3,1
NKE,2025-05-31,Consumer Cyclical,-9.8,42.7,8.0,9.7,7.0,0.79,0.83,11.9,1
NKE,2024-05-31,Consumer Cyclical,0.3,44.6,12.3,13.9,11.1,0.29,0.83,7.3,0
NKE,2023-05-31,Consumer Cyclical,,43.5,11.5,13.2,9.9,0.69,0.87,8.1,1
SBUX,2024-09-30,Consumer Cyclical,0.6,26.8,14.1,19.7,10.4,3.16,-3.46,18.3,0
SBUX,2023-09-30,Consumer Cyclical,11.6,27.4,15.3,20.6,11.5,2.84,-3.08,17.4,0
SBUX,2022-09-30,Consumer Cyclical,,26.0,13.7,19.4,10.2,3.36,-2.73,20.7,1
TJX,2025-01-31,Consumer Cyclical,4.0,30.6,11.2,13.6,8.6,0.97,1.52,20.0,1
TJX,2024-01-31,Consumer Cyclical,8.6,30.0,10.7,12.9,8.3,0.99,1.72,21.8,1
TJX,2023-01-31,Consumer Cyclical,,27.6,9.7,11.2,7.0,1.3,2.0,27.3,1
LOW,2025-01-31,Consumer Cyclical,-3.1,33.3,12.5,15.1,8.3,3.01,-2.79,11.1,0
LOW,2024-01-31,Consumer Cyclical,-11.0,33.4,13.4,15.7,8.9,2.89,-2.67,10.4,0
LOW,2023-01-31,Consumer Cyclical,,33.2,10.5,12.5,6.6,3.01,-2.67,11.3,1
BKNG,2024-12-31,Consumer Cyclical,11.1,,31.8,39.3,24.8,0.1,-4.25,12.9,0
BKNG,2023-12-31,Consumer Cyclical,25.0,,27.3,33.0,20.1,0.38,-5.39,17.3,1
BKNG,2022-12-31,Consumer Cyclical,,,29.9,28.8,17.9,0.17,4.69,24.4,1
KO,2024-12-31,Consumer Defensive,2.9,61.1,29.8,33.6,22.6,2.13,1.79,25.4,1
KO,2023-12-31,Consumer Defensive,6.4,59.5,28.6,34.1,23.4,2.1,1.62,25.7,0
KO,2022-12-31,Consumer Defensive,,58.1,28.0,32.2,22.2,2.14,1.62,28.8,1
PEP,2024-12-31,Consumer Defensive,0.4,54.6,14.1,18.2,10.4,2.18,2.49,12.5,0
PEP,2023-12-31,Consumer Defensive,5.9,54.2,14.1,17.2,9.9,2.22,2.41,13.1,1
PEP,2022-12-31,Consumer Defensive,,53.0,13.1,17.3,10.3,2.32,2.31,13.8,0
PG,2025-06-30,Consumer Defensive,0.3,51.2,24.3,28.4,19.0,1.08,0.68,15.2,0
PG,2024-06-30,Consumer Defensive,2.5,51.4,23.7,26.9,17.7,1.06,0.66,16.0,1
PG,2023-06-30,Consumer Defensive,,47.9,22.1,26.6,17.9,1.25,0.76,16.7,1
WMT,2025-01-31,Consumer Defensive,5.1,24.9,4.3,6.2,2.9,1.22,0.66,21.0,1
WMT,2024-01-31,Consumer Defensive,6.0,24.4,4.2,5.6,2.4,1.41,0.73,24.2,1
WMT,2023-01-31,Consumer Defensive,,24.1,3.3,4.9,1.9,1.67,0.77,29.2,1
COST,2024-08-31,Consumer Defensive,5.0,12.6,3.6,4.8,2.9,-0.14,0.35,33.5,1
COST,2023-08-31,Consumer Defensive,6.8,12.3,3.3,4.4,2.6,-0.45,0.35,37.6,1
COST,2022-08-31,Consumer Defensive,,12.1,3.4,4.4,2.6,-0.12,0.44,41.1,0
CL,2024-12-31,Consumer Defensive,3.3,60.5,21.5,24.1,14.4,1.53,40.15,15.4,0
CL,2023-12-31,Consumer Defensive,8.3,58.2,21.0,21.8,11.8,1.91,14.88,17.7,1
CL,2022-12-31,Consumer Defensive,,57.0,20.1,18.8,9.9,2.52,23.12,22.4,1
KMB,2024-12-31,Consumer Defensive,-2.0,37.4,16.6,20.6,15.1,1.88,8.97,10.9,0
KMB,2023-12-31,Consumer Defensive,-15.0,36.6,15.1,15.5,10.3,2.65,8.87,14.5,1
KMB,2022-12-31,Consumer Defensive,,30.8,13.3,16.7,9.6,2.41,15.63,11.7,0
MDLZ,2024-12-31,Consumer Defensive,1.2,39.1,18.3,22.1,12.7,2.11,0.68,11.3,0
MDLZ,2023-12-31,Consumer Defensive,14.4,38.2,15.6,21.2,13.8,2.37,0.7,12.1,1
MDLZ,2022-12-31,Consumer Defensive,,35.9,12.1,15.1,8.6,4.52,0.87,20.1,1
BLK,2024-12-31,Financial Services,14.3,49.4,36.9,45.9,31.2,0.16,0.3,18.5,0
BLK,2023-12-31,Financial Services,-0.1,48.1,35.5,44.1,30.8,0.12,0.25,22.0,1
BLK,2022-12-31,Financial Services,,48.6,36.2,38.7,29.0,0.16,0.22,25.0,1
JNJ,2024-12-31,Healthcare,4.3,69.1,23.9,27.9,15.8,0.51,0.51,25.4,1
JNJ,2023-12-31,Healthcare,6.5,68.8,25.8,27.4,41.3,0.32,0.43,26.8,1
JNJ,2022-12-31,Healthcare,,69.3,26.3,33.3,22.4,1.01,0.52,24.2,0
PFE,2024-12-31,Healthcare,6.8,71.9,23.5,28.5,12.6,3.45,0.72,12.2,0
PFE,2023-12-31,Healthcare,-41.1,58.1,7.4,16.0,3.6,7.11,0.8,23.7,1
PFE,2022-12-31,Healthcare,,66.1,37.7,40.6,31.0,0.84,0.36,4.7,0
UNH,2024-12-31,Healthcare,7.7,22.3,8.1,7.0,3.6,1.84,0.83,13.7,0
UNH,2023-12-31,Healthcare,14.6,24.5,8.7,9.8,6.0,1.02,0.7,10.2,0
UNH,2022-12-31,Healthcare,,24.6,8.8,9.8,6.2,1.08,0.74,11.6,0
ABBV,2024-12-31,Healthcare,3.7,70.0,21.1,26.5,7.6,4.13,20.19,35.3,1
ABBV,2023-12-31,Healthcare,-6.4,62.4,24.9,31.6,9.0,2.71,5.73,29.8,0
ABBV,2022-12-31,Healthcare,,70.0,32.4,41.6,20.4,2.24,3.67,21.4,0
MRK,2024-12-31,Healthcare,6.7,76.3,31.5,40.1,26.7,0.93,0.8,14.8,1
MRK,2023-12-31,Healthcare,1.4,73.2,4.9,11.5,0.6,4.08,0.93,55.6,1
MRK,2022-12-31,Healthcare,,70.6,30.8,36.0,24.5,0.84,0.67,17.5,0
LLY,2024-12-31,Healthcare,32.0,81.3,37.8,41.8,23.5,1.62,2.36,55.8,1
LLY,2023-12-31,Healthcare,19.6,79.2,30.3,34.7,15.4,1.89,2.34,87.9,1
LLY,2022-12-31,Healthcare,,76.8,29.0,30.3,21.9,1.64,1.52,119.3,1
ABT,2024-12-31,Healthcare,4.6,55.4,16.3,25.7,31.9,0.69,0.32,16.3,1
ABT,2023-12-31,Healthcare,-8.1,55.2,16.2,26.3,14.3,0.83,0.4,16.8,0
ABT,2022-12-31,Healthcare,,56.1,19.2,27.8,15.9,0.65,0.48,14.6,0
TMO,2024-12-31,Healthcare,0.1,41.3,18.0,26.9,14.8,2.36,0.63,23.4,0
TMO,2023-12-31,Healthcare,-4.6,39.9,17.1,25.9,14.0,2.42,0.75,24.3,1
TMO,2022-12-31,Healthcare,,42.2,18.9,26.6,15.5,2.17,0.78,22.4,0
XOM,2024-12-31,Energy,1.4,22.6,11.7,21.6,9.9,0.25,0.16,9.5,0
XOM,2023-12-31,Energy,-16.0,25.1,13.3,22.2,10.8,0.14,0.2,9.2,0
XOM,2022-12-31,Energy,,25.9,16.1,25.7,14.0,0.11,0.21,6.7,0
CVX,2024-12-31,Energy,-1.8,29.4,9.8,23.7,9.1,0.39,0.16,9.2,0
CVX,2023-12-31,Energy,-16.5,30.7,13.3,24.3,10.9,0.26,0.13,8.7,0
CVX,2022-12-31,Energy,,31.4,16.9,27.8,15.0,0.09,0.15,6.3,0
COP,2024-12-31,Energy,-2.5,29.9,23.4,44.6,16.9,0.77,0.38,7.0,0
COP,2023-12-31,Energy,-28.5,32.4,26.8,45.9,19.5,0.52,0.38,6.4,0
COP,2022-12-31,Energy,,38.2,32.4,47.3,23.8,0.27,0.35,4.4,0
SLB,2024-12-31,Energy,9.5,20.6,17.4,22.2,12.3,1.06,0.57,10.0,0
SLB,2023-12-31,Energy,18.0,19.8,16.6,22.8,12.7,1.2,0.59,10.8,0
SLB,2022-12-31,Energy,,18.4,14.8,22.9,12.2,1.64,0.69,12.9,0
LIN,2024-12-31,Basic Materials,0.5,48.1,26.0,38.9,19.9,1.38,0.59,18.6,0
LIN,2023-12-31,Basic Materials,-1.5,46.8,24.7,37.2,18.9,1.28,0.51,19.4,1
LIN,2022-12-31,Basic Materials,,41.7,19.4,29.9,12.4,1.34,0.47,23.5,1
APD,2024-09-30,Basic Materials,-4.0,32.5,24.4,53.6,31.6,1.85,0.88,11.4,0
APD,2023-09-30,Basic Materials,-0.8,29.9,21.7,35.1,18.3,2.13,0.77,16.1,1
APD,2022-09-30,Basic Materials,,26.5,19.0,33.2,17.8,1.33,0.63,16.0,1
ECL,2024-12-31,Basic Materials,2.7,43.5,16.6,24.4,13.4,1.83,0.95,21.8,0
ECL,2023-12-31,Basic Materials,8.0,40.2,13.7,19.8,9.0,2.58,1.09,27.9,1
ECL,2022-12-31,Basic Materials,,37.8,12.0,17.9,7.7,3.33,1.25,33.6,1
NEE,2024-12-31,Utilities,-12.0,60.1,28.8,56.7,28.1,5.76,1.64,17.2,1
NEE,2023-12-31,Utilities,34.2,63.9,35.0,59.6,26.0,4.21,1.54,13.8,0
NEE,2022-12-31,Utilities,,48.4,17.0,43.9,19.8,6.88,1.66,24.3,1
DUK,2024-12-31,Utilities,4.5,50.1,26.1,49.4,14.9,5.66,1.7,11.6,1
DUK,2023-12-31,Utilities,1.0,47.3,24.4,47.7,9.8,5.78,1.64,12.2,1
DUK,2022-12-31,Utilities,,45.1,22.3,43.0,8.9,6.0,1.51,13.2,1
SO,2024-12-31,Utilities,5.8,50.0,26.4,49.5,16.5,4.93,2.0,12.2,0
SO,2023-12-31,Utilities,-13.8,46.6,23.1,46.6,15.7,5.33,2.02,13.5,1
SO,2022-12-31,Utilities,,36.3,18.3,35.2,12.1,5.55,1.94,14.9,1
VZ,2024-12-31,Communication Services,0.6,59.9,21.3,35.3,13.0,3.45,1.7,7.5,0
VZ,2023-12-31,Communication Services,-2.1,59.0,21.4,30.0,8.7,4.31,1.89,9.1,1
VZ,2022-12-31,Communication Services,,56.8,22.3,35.8,15.5,3.55,1.93,7.4,0
T,2024-12-31,Communication Services,-0.1,59.8,19.7,36.0,8.9,3.13,1.35,6.9,1
T,2023-12-31,Communication Services,1.4,59.1,20.1,37.0,11.8,3.27,1.5,6.9,0
T,2022-12-31,Communication Services,,57.9,19.0,17.4,-7.1,7.18,1.59,15.1,1
CMCSA,2024-12-31,Communication Services,1.8,70.1,18.8,30.4,13.1,2.44,1.16,4.5,1
CMCSA,2023-12-31,Communication Services,0.1,69.8,19.2,32.0,12.7,2.34,1.17,4.3,0
CMCSA,2022-12-31,Communication Services,,68.5,18.6,22.2,4.4,3.53,1.24,6.4,1
DIS,2024-09-30,Communication Services,2.8,35.8,13.0,16.0,5.4,2.92,0.48,15.0,1
DIS,2023-09-30,Communication Services,7.5,33.4,10.1,13.6,2.6,2.95,0.5,17.5,1
DIS,2022-09-30,Communication Services,,34.2,8.2,14.5,3.8,3.33,0.54,18.0,0
PLD,2024-12-31,Real Estate,2.2,74.9,37.8,91.8,45.5,4.01,0.58,20.6,0
PLD,2023-12-31,Real Estate,34.3,74.9,38.4,81.9,38.1,4.43,0.56,23.5,1
PLD,2022-12-31,Real Estate,,74.7,38.2,97.0,56.3,4.18,0.46,25.8,0
AMT,2024-12-31,Real Estate,1.1,74.6,45.5,70.6,22.3,5.86,13.0,16.4,0
AMT,2023-12-31,Real Estate,3.8,74.4,35.3,60.0,14.8,7.42,11.03,20.0,1
AMT,2022-12-31,Real Estate,,73.4,30.3,68.2,18.3,6.85,8.44,18.3,0
SPG,2024-12-31,Real Estate,5.4,82.5,51.9,84.1,39.8,4.66,8.42,19.9,1
SPG,2023-12-31,Real Estate,6.9,81.8,49.6,86.4,40.3,5.19,8.77,20.8,0
SPG,2022-12-31,Real Estate,,81.1,48.8,86.7,40.4,5.41,8.11,22.0,0
